Title,Description,Time,Tag,Link
UK government not taking climate seriously - advisers,"The government has made little progress in preparing the UK for rising temperatures, climate watchdog the CCC says.",30 Apr 2025,Climate,https://www.bbc.com/news/articles/cvgpey03pnno
Climate experts criticise handling of Tata changes,"Ministers should have been better at planning and making sure green jobs were available, report says.",9 hrs ago,Wales,https://www.bbc.com/news/articles/c79ezrvd9neo
"Climate, traffic and rubbish - voters want answers",Climate change is a priority for one voter in the local county council elections on 1 May.,29 Apr 2025,Coventry & Warwickshire,https://www.bbc.com/news/articles/c045x162575o
Welsh meat promoter criticised on climate comments,"A group that promotes Welsh meat has been accused of ""peddling climate change misinformation"".",27 Apr 2025,Wales,https://www.bbc.com/news/articles/czd32791m17o
How the political consensus in UK on climate change has shattered,"In 2019, the UK committed in law to reducing its carbon emissions to net zero by 2050. Now the political climate has changed.",2 May 2025,No tag,https://www.bbc.com/news/articles/cx20znjejw1o
The race against time to save US climate data,"Swathes of scientific data deletions are sweeping across US government websites – with decades of research at risk. Now, scientists are racing to save their work before it's lost.",23 Apr 2025,Future,https://www.bbc.com/future/article/20250422-usa-scientists-race-to-save-climate-data-before-its-deleted-by-the-trump-administration
Nuclear v renewables: The coal mining town caught in Australia's climate wars,"Some worry renewed debate over Australia's energy future is reopening the ""climate wars"" of years past.",30 Apr 2025,Australia,https://www.bbc.com/news/articles/cx284y23p0mo
Climate protest jail term deemed 'disproportionate',A UN Special Rapporteur claims the sentence handed to a GP who smashed up petrol pumps is too long.,14 Apr 2025,Bristol,https://www.bbc.com/news/articles/c1lmmlpmgldo
Canada's top candidates talk up fossil fuels as climate slips down agenda,"Amid tariff threats from the US, energy and economic security are key issues in Canada's federal election.",22 Apr 2025,US & Canada,https://www.bbc.com/news/articles/c87pev3jpyyo
Australia opposition leader clarifies he believes in climate change after debate,Peter Dutton is facing outrage after comments he made on climate change during an election debate.,17 Apr 2025,Australia,https://www.bbc.com/news/articles/clyq9pr47ejo
City's Pride cancelled over 'economic climate',Hereford Pride has been cancelled and the organisation in charge is being closed down.,8 Apr 2025,Hereford & Worcester,https://www.bbc.com/news/articles/c4g9eyyk2z5o
Woman finds rare venomous centipede in flat,The arthropods are more commonly found in warmer climates than the UK.,4 days ago,Lancashire,https://www.bbc.com/news/articles/c8ep202037ro
O'Neill brands DUP's climate change vote a 'dereliction of duty',MLAs were debating regulations brought by the Executive Office that will provide powers to appoint a commissioner.,8 Apr 2025,Northern Ireland Politics,https://www.bbc.com/news/articles/cwy6n2pn82yo
Attenborough at 99 delivers 'greatest message he's ever told',Sir David says his new film Ocean is one of the most important of his career.,8 days ago,Climate,https://www.bbc.com/news/articles/cn0wjxg0ex1o
Area burned by UK wildfires in 2025 already at annual record,"The prolonged dry, sunny weather in March and April created ideal conditions for wildfires to spread.",27 Apr 2025,Climate,https://www.bbc.com/news/articles/c0m9gm3jwljo
"Up to £5,000 available for environmental projects",The most recent round of the Elmbridge Community Climate Action Fund is open to bids until 22 June.,30 Apr 2025,Surrey,https://www.bbc.com/news/articles/cgqvj4qyzz5o
The farm where every day is a perfect summer's day,"Basil, coriander and lettuce leaves are being nurtured in an unusual farm in Bracknell.",1 day ago,England,https://www.bbc.com/news/articles/ced2172vzq8o
Blow to clean energy drive as major UK windfarm ditched,"In a blow to the government's clean energy ambitions, a company cancels a huge windfarm off Yorkshire.",7 days ago,No tag,https://www.bbc.com/news/articles/ce848g8l8vro
Blair says UK's net zero policies 'doomed to fail',The former PM's call for a change of course is rejected by Downing Street but welcomed by the Tories and Reform.,30 Apr 2025,Politics,https://www.bbc.com/news/articles/cpvrwyp0jx3o
UK government defends net-zero policies after Blair criticism,"Former PM Sir Tony Blair says limiting fossil fuels is ""doomed to fail"" and a new approach is needed.",30 Apr 2025,Politics,https://www.bbc.com/news/articles/cq80974l402o
"Australia Greens leader loses seat, cites 'Trump effect'","Adam Bandt was ousted by a ""riptide"" of swing votes, which he blamed on the so-called Trump effect.",6 days ago,Australia,https://www.bbc.com/news/articles/c04e99315pzo
The satellite that will 'weigh' world's 1.5 trillion trees,The new satellite will be able to see through clouds and forest canopies.,29 Apr 2025,Climate,https://www.bbc.com/news/articles/crldwjj6d6no
Council leader 'will not take diversity training',Sean Matthews discussed his party's stance on the matter on Politics North.,3 days ago,Lincolnshire,https://www.bbc.com/news/articles/cm2kylzv40eo
Council Green Party group leader steps down,Nicola Day says she hopes to spend more time in her community and focus on the climate crisis.,8 days ago,Peterborough,https://www.bbc.com/news/articles/cvgngejqlqqo
"Wales facing unrecognisable future, warns commissioner","Wales faces ""unrecognisable future"" without urgent action, future generations commissioner says.",29 Apr 2025,Wales,https://www.bbc.com/news/articles/c0m9j739k28o
Carbon capture company wins $5m to scale up,"Researchers at Newcastle University were ""instrumental"" in developing the technology, UNDO says.",3 May 2025,England,https://www.bbc.com/news/articles/cn054gj8dwro
Map shows 80% of peatlands dry and degraded,"The government say the findings, shown on an open source map, present a worrying picture.",2 days ago,England,https://www.bbc.com/news/articles/cn8zg4y8979o
Northern Ireland has second-sunniest April on record,"Sunshine hours were well above the average for the time of year, with 215.7 hours of sun throughout April.",1 May 2025,Northern Ireland,https://www.bbc.com/news/articles/cx2wz455l1no
Warmest April day in NI for 40 years,The 24.1C recorded is just shy of the April record of 24.5C set at Boom Hall in Londonderry.,30 Apr 2025,Northern Ireland,https://www.bbc.com/news/articles/cm2xgv4p27no
Just Stop Oil was policed to extinction - now the movement has gone deeper underground,Climate activists may be going deeper underground.,25 Apr 2025,BBC InDepth,https://www.bbc.com/news/articles/cz6denxzweeo
Quarry decision 'failed to assess climate effects',Lawyers say the council failed to assess the climate impacts of the proposed Northumberland quarry.,2 Apr 2025,Tyne,https://www.bbc.com/news/articles/clyw492v8vgo
"Region to get 10,000 new electric vehicle chargers",The West Midlands' mayor says the move will help to reduce pollution and tackle climate change.,30 Apr 2025,England,https://www.bbc.com/news/articles/cx2vmkv7ke1o
How could peatlands fall victim to climate change?,"Conditions are set to become ""too hot and too dry"" for carbon-storing peat to form, research shows.",3 Apr 2025,Devon,https://www.bbc.com/news/articles/c897dg8xnd8o
"Chip-shop fish key to seabed health, study finds",The Convex Seascape Survey finds the Atlantic cod is one of many species to have been overfished.,29 Apr 2025,England,https://www.bbc.com/news/articles/cwyql951g0wo
Dry weather threatens 'exceptionally low' rivers in parts of UK,The warning comes after some parts of the UK had the driest Spring in nearly a century.,48 mins ago,Science & Environment,https://www.bbc.com/news/articles/crmkn7rjv7zo
Lowest rainfall in 90 years as temperatures set to soar,"In February, March and April, just 78mm (3in) of rain fell across the region, the lowest since 1938.",30 Apr 2025,England,https://www.bbc.com/news/articles/cdxg8lqxyggo
CO2 capture project hopes to bring 'quality' jobs,Direct carbon capture removes CO2 from the atmosphere and locks it away.,2 May 2025,Norfolk,https://www.bbc.com/news/articles/cvg70g14qjvo
Australia: A guide to election day,It's a close race between Albanese and Dutton - here's what you need to know going into election day.,2 May 2025,Australia,https://www.bbc.com/news/articles/cp91lyp1e8lo
Miliband urges global cooperation amid energy 'challenges',The UK Energy Secretary was speaking at the opening of a two day summit on energy security.,24 Apr 2025,No tag,https://www.bbc.com/news/articles/cp8kr8k28z2o
Residents celebrate gas-fired power plant refusal,Inspector rejects plans due to concern over its effects on nearby residents and ecology.,3 May 2025,Wales,https://www.bbc.com/news/articles/c9w8z5k7q79o
Council to end lease of erosion-threatened car park,The site at Lossiemouth West Beach is expected to be regularly under water by the end of the century.,2 May 2025,"NE, Orkney & Shetland",https://www.bbc.com/news/articles/cgjlq2v3e6zo
Free city centre parking for green vehicles to end,Sheffield councillors say the scheme is no longer sustainable due to a surge in low-emission cars.,1 May 2025,South Yorkshire,https://www.bbc.com/news/articles/cly54v4d4n9o
Great time to invest in rugby - Newcastle's Diamond,Newcastle Falcons consultant director of rugby Steve Diamond says big companies should be interested in investing in rugby union.,23 hrs ago,Newcastle,https://www.bbc.com/sport/rugby-union/articles/cx2jwwlxl1ko
Cash for tourist firms to shelter visitors from rain,"Tourism businesses could claim up to £20k from the Welsh government to invest in ""weather-proofing"".",30 Apr 2025,Wales,https://www.bbc.com/news/articles/c62z1v2kyy6o
What is life like in the shadow of solar farms?,Residents of Ashby-de-la-Zouch offer mixed views on the fields of solar panels surrounding the town.,6 May 2025,Leicestershire,https://www.bbc.com/news/articles/c2ew0rv3d28o
Bug splat survey reveals 'alarming' decline,Kent Wildlife Trust's bug splat survey is monitoring the decline in numbers in the UK and Ireland.,3 May 2025,Kent,https://www.bbc.com/news/articles/c3v947vlkzgo
Cash boost to install electric car charging points,More than 20 areas could see points installed from the summer under Kirklees Council plans.,30 Apr 2025,West Yorkshire,https://www.bbc.com/news/articles/c934593n12vo
What is Earth Day and what has it achieved?,The worldwide event aims to raise awareness about the need to protect the environment.,21 Apr 2025,Science & Environment,https://www.bbc.com/news/science-environment-68610073
Who are Green Party leaders Carla Denyer and Adrian Ramsay?,The pair were two of four Green MPs to be elected as last year's general election.,6 days ago,Politics,https://www.bbc.com/news/articles/clww1n8gz3eo
Heat networks could warm Inverness homes in future,Highland Council has identified potential locations where buildings could be connected to new systems.,1 day ago,Highlands & Islands,https://www.bbc.com/news/articles/cn7zm15846ko
Scottish government drops target to cut car use by 20%,"Transport Secretary Fiona Hyslop told MSPs that the goal was ""not realistic and will need to be changed"".",23 Apr 2025,Scotland Politics,https://www.bbc.com/news/articles/c1jxk9949e5o
Who is Anthony Albanese - Australia's re-elected prime minister?,"Elected on a wave of optimism in 2022, his support wobbled but ultimately endured.",3 May 2025,Australia,https://www.bbc.com/news/world-australia-61267489
Green Party councillors elated to win first seats,A county council's first Green councillors vow to ensure the climate is considered in decisions.,3 May 2025,Cambridgeshire,https://www.bbc.com/news/articles/c5yrnr3e0w7o
Fingerprints of city-sized icebergs found off UK coast,Deep tracks gouged in the seafloor off the coast of Scotland could help us understand Antarctica today.,24 Apr 2025,Climate,https://www.bbc.com/news/articles/cm2xz664r2do
Hosepipe ban in some areas amid water level concerns,"Restrictions will apply to Mullingar in County Westmeath, Milford in County Donegal, and Kells-Oldcastle in County Meath from Tuesday 6 May.",6 May 2025,Europe,https://www.bbc.com/news/articles/cr5d0jvve67o
Is resurrecting extinct animals a good idea?,"The creation of three ""dire wolf"" pups has raised hopes that it may be possible to resurrect extinct animals. But some scientists have grave concerns.",25 Apr 2025,Future,https://www.bbc.com/future/article/20250425-why-scientists-fear-attempts-to-resurrect-extinct-animals-may-backfire
Testing the boundaries for planned giant reservoir,Engineers test designs for clay embankments which could hold 150 million cubic metres of water.,7 days ago,Oxfordshire,https://www.bbc.com/news/articles/cd020e02k4jo
"Road upgrade welcomed but more needed, haulier says",Four years of construction work will end when the route is officially opened on Friday.,2 May 2025,Wales,https://www.bbc.com/news/articles/cwy6lwj54j2o
Royal Parks plan 'vibrant' tribute to Elizabeth II,The new garden in Regent's Park will commemorate Queen Elizabeth II's life.,23 Apr 2025,London,https://www.bbc.com/news/articles/cm25y69rvp6o
Spring's hot weather to be treat for nature lovers,A spell of hot weather will give a boost to nature as migratory birds return and butterflies emerge.,26 Apr 2025,Science & Environment,https://www.bbc.com/news/articles/c0780j0rpx3o
Project to suck carbon out of sea begins in UK,A pilot project will test whether it is a useful way of fighting climate change.,18 Apr 2025,Climate,https://www.bbc.com/news/articles/cr788kljlklo
Four ways your plants could be affected by hot spring weather,"With warm weather hitting the UK, here's what gardening experts advise for keeping your plants alive.",1 May 2025,UK,https://www.bbc.com/news/articles/cy0xznpj61go
"'Worrying' decline of crucial insects in NI, says charity",The abundance of flying insects in the countryside in NI has fallen by 55% since 2021.,1 May 2025,Northern Ireland,https://www.bbc.com/news/articles/c20xel5qpqzo
New Lincolnshire mayor 'must embrace nature',Wildlife groups are calling on the new mayor to support environmental improvement.,29 Apr 2025,Lincolnshire,https://www.bbc.com/news/articles/c87p2e47j2no
The country sparking Africa's e-bike revolution,"Rwanda has some 100,000 motorbikes and wants to turn them all electric. Can green tech steer Africa towards the future?",5 days ago,Future,https://www.bbc.com/future/article/20250508-rwanda-is-sparking-africas-e-bike-revolution
Groups set up green skills scheme for young people,The new project will offer two young people paid work in the environmental sector.,24 Apr 2025,Bristol,https://www.bbc.com/news/articles/cy8qy6nqxv9o
"More than 30,000 flowers go on display at cathedral",Salisbury Cathedral has opened its doors to about 500 flower arrangers for the festival.,21 hrs ago,Wiltshire,https://www.bbc.com/news/articles/c629wl64kryo
New fire commissioner for London proposed by mayor,"Mr Smith, the current deputy commissioner, is expected to take up the post at the end of June.",5 days ago,London,https://www.bbc.com/news/articles/cje72lgq428o
'Oasis of colour' planned for Eastbourne seafront,"The new array will be able to withstand warm and harsher coastal winds, according to its designer.",4 days ago,Sussex,https://www.bbc.com/news/articles/c3wd607gq9qo
Three artists to have Pride work displayed,A sculptor and two fashion designers are creating work on the theme of unapologetically visible.,6 days ago,Tyne,https://www.bbc.com/news/articles/cj098292rvzo
Australia PM Albanese makes stunning comeback with landslide win,"Donald Trump loomed large over the election, with comparisons drawn between the US president and defeated opposition leader Peter Dutton.",3 May 2025,Australia,https://www.bbc.com/news/articles/c9djze015xlo
"Who is Mark Carney, Canada's new PM?","The former banker may not have held political office before, but has now been elected by the Canadian people.",29 Apr 2025,US & Canada,https://www.bbc.com/news/articles/c3911lv1pzko
Reform council leader's focus on wasteful spending,"Leader Ian Cooper tells the BBC his party plans to ""lift a few drains and see what comes out"".",37 mins ago,Stoke & Staffordshire,https://www.bbc.com/news/articles/c0mrv2zd4plo
The people 'meadowscaping' their lawns,"Turning lawns into meadows can have big benefits for people, wildlife and the climate. Here's why 'meadowscaping' has become the latest gardening craze.",27 Apr 2025,Future,https://www.bbc.com/future/article/20250425-meadowscaping-the-people-turning-their-garden-lawns-into-wild-meadows
Soviet-era spacecraft 'likely' to have re-entered Earth's atmosphere,"The spacecraft, which launched in 1972 on a mission to Venus, circled Earth for over five decades.",4 days ago,Science & Environment,https://www.bbc.com/news/articles/cy9vz28nyedo
Miliband accuses net zero opponents of 'nonsense and lies',The energy secretary warns that an anti-net zero agenda could forfeit jobs in the future.,20 Apr 2025,Politics,https://www.bbc.com/news/articles/czjn0pn830ko
How will Australia choose its next prime minister?,"The nation is voting for a new leader, against a backdrop of everything from the cost of living to Trump's tariffs.",3 May 2025,Australia,https://www.bbc.com/news/articles/c626e935llwo
Moon dust 'rarer than gold' arrives in UK from China,First Moon samples collected in nearly 50 years and loaned by China for the first time are now in the UK.,6 days ago,Science & Environment,https://www.bbc.com/news/articles/c4g3krykxypo
Mayor sought legal advice after Reeves backed Heathrow expansion,"The move puts the London mayor on a potential collision course with ministers, after the chancellor backed plans for the expansion of the airport.",23 Apr 2025,No tag,https://www.bbc.com/news/articles/c5ygren9l6qo
Water firms admit sewage monitoring damaging public trust,The industry says powers to self-monitor water quality should be handed back to the regulator.,24 Apr 2025,Science & Environment,https://www.bbc.com/news/articles/cdxngw96qrgo
The images showing 50 years of change on Earth,"The ""Blue Marble"" was the first photo of the whole Earth and the only ever taken by a human. Fifty years on, new images of the planet reveal visible changes to the Earth's surface.",22 Apr 2025,Future,https://www.bbc.com/future/article/20250422-how-50-years-of-climate-change-has-changed-the-face-of-the-blue-marble
Power plant bosses concerned as subsidy cuts loom,"Cotesbach Landfill Gas Project, near Rugby, traps methane and uses it to generate green energy.",24 hrs ago,Coventry & Warwickshire,https://www.bbc.com/news/articles/c861q2gld1xo
Activists say ship aiming to sail to Gaza was attacked by drones,"The incident happened off the coast of Malta. The government said a fire onboard the ship was ""brought under control overnight"".",2 May 2025,Middle East,https://www.bbc.com/news/articles/cx27z0r8n5do
The seawall being built in Japan's turtle haven,Locals and ecologists are troubled by the potential impacts a looming seawall could have on the biodiverse Japanese island of Amami Ōshima.,1 day ago,Future,https://www.bbc.com/future/article/20250512-how-a-concrete-seawall-split-this-japanese-island-village
Birdwatchers' control tower disguise at Heathrow,A shelter for birdwatchers near Heathrow has been designed to look like an air traffic control tower.,30 Apr 2025,London,https://www.bbc.com/news/articles/cz95l9gv745o
Can this lynx born in a zoo learn to live in the wild?,It has been moved to Germany's Black Forest in preparation for its release,2 May 2025,Science & Environment,https://www.bbc.com/news/articles/c8074ry1yr5o
Public inquiry into huge solar farm to begin,"The £800m solar farm would cover 1,000 hectares of Oxford countryside.",1 day ago,Oxfordshire,https://www.bbc.com/news/articles/c071e40yreko
Bilingual poetry book encourages writing in Welsh,"A bilingual collection of poems celebrating Wales' rivers gives Welsh and English ""equal weight"".",8 days ago,Wales,https://www.bbc.com/news/articles/cgkglkerp01o
Mosquitoes in Scotland as far north as Shetland,The extent of Scotland's mosquito population is being understood thanks to a successful citizen science project.,1 May 2025,"NE, Orkney & Shetland",https://www.bbc.com/news/articles/clyq59r8x7ro
Renewable energy's trouble with 'wind theft',"As wind farms expand, some can accidentally ""steal"" each others' wind – causing worries over some countries' energy transition to net zero.",7 days ago,Future,https://www.bbc.com/future/article/20250506-renewable-energys-trouble-with-wind-theft
Net zero 'doomed' and royals 'on love island',Tony Blair's speaks out about energy policy and the Prince and Princess of Wales head to the Isle of Mull.,30 Apr 2025,The Papers,https://www.bbc.com/news/articles/c2dekx9nw54o
Weight loss jabs 'at the chemist' and 'hottest' May,Weight-loss injections will be available over the counter and a heatwave arrives in the UK.,2 May 2025,The Papers,https://www.bbc.com/news/articles/cvgny57kj3eo
Insect tower installed to boost nationwide research,The tower is part of a nationwide project using insects to study the effects of climate change.,20 Apr 2025,Shropshire,https://www.bbc.com/news/articles/cx2039r9g8zo
Campaigners challenge Luton Airport expansion plan,The government is accused of ignoring advice to reject the plans over environmental concerns.,7 days ago,"Beds, Herts & Bucks",https://www.bbc.com/news/articles/cqx4x8jwqd7o
'Our club was living on a week-to-week basis',"Grassroots football generates over £1bn a year in London, but many clubs are struggling with costs.",2 days ago,London,https://www.bbc.com/news/articles/c2v29q9e8v3o
Birmingham Pride in political parties parade ban,"Organisers say Labour, the only party booked to march at the parade, was being told it could not do so.",29 Apr 2025,Birmingham & Black Country,https://www.bbc.com/news/articles/ckg1epp3v3zo
New scheme to care for police force's 250 dogs,"The scheme, announced for West Midlands Police, aims to enhance the welfare provision of the dogs.",5 days ago,England,https://www.bbc.com/news/articles/cx2el0m4jj9o
Peru kidnapping leaves 13 dead in gold mine,Miners were kidnapped and killed in a Peruvian gold mine after a confrontation with a criminal gang.,5 May 2025,Latin America,https://www.bbc.com/news/articles/ce3vdw5ek9qo
Residents encouraged to download recycling app,The app offers bin day reminders and live alerts on any changes to collections.,26 Apr 2025,Somerset,https://www.bbc.com/news/articles/cj9ep117e2mo
Solar 'part of food security solution' - developer,Concerns have been raised about turning agricultural land over to solar panels in the county.,30 Apr 2025,Norfolk,https://www.bbc.com/news/articles/cy0x1321xp5o
Council to spend £2.5m on making homes greener,Herefordshire Council says nearly a fifth of households in the county are living in fuel poverty.,24 Apr 2025,Hereford & Worcester,https://www.bbc.com/news/articles/cn91e99yp09o
Project aims to return 'keystone' elk to UK,"Experts say a major challenge was getting the public used to the idea that elk ""should be here"".",2 days ago,England,https://www.bbc.com/news/articles/c4g2e7834yko
Inside the Arctic vault holding back-ups of great works,"An arctic vault holds digital back-ups of some of humanity's great works of art, history and technology.",6 days ago,No tag,https://www.bbc.com/news/articles/c7vnyn17p57o
Drought caused rebellion against Roman rule - study,"The University of Cambridge led the study about the rebellion, called the Barbarian Conspiracy.",21 Apr 2025,Cambridgeshire,https://www.bbc.com/news/articles/cvgq7r99ng3o
Helping to protect the future of chocolate,Scientists near Reading help protect the world's cocoa supply from pests and diseases.,26 Apr 2025,Berkshire,https://www.bbc.com/news/articles/cz6de00j4yxo
A stunning reversal of fortunes in Canada's historic election,"After a campaign upended by Trump’s threats, the Liberals hope they can hold onto power.",27 Apr 2025,US & Canada,https://www.bbc.com/news/articles/c78jv246n91o
Bid to reduce single-use plastic at railway station,Network Rail and City to Sea are encouraging use of refillable plastic bottles.,9 hrs ago,Bristol,https://www.bbc.com/news/articles/crkxkrnv712o
Anger flares at Just Stop Oil 'last day of action',A van appears to have been driven slowly towards protesters as hundreds marched through London.,26 Apr 2025,London,https://www.bbc.com/news/articles/cn7xpxp6xxmo
Why the mighty Himalayas are getting harder and harder to see,"Severe air pollution is obscuring visibility of the highest mountain peaks on Earth, hitting tourism hard.",2 days ago,Asia,https://www.bbc.com/news/articles/cvgdl092jj5o
'We have more in common with America than the rest of Canada',"In Alberta, many voters feel alienated by the country’s elite - some are even tempted by Trump’s call to join the US.",26 Apr 2025,US & Canada,https://www.bbc.com/news/articles/cgkg8r85n1eo
"Volunteers help plant 50,000 trees in five years",Swindon's council and Wiltshire Wildlife Trust plan to plant thousands more with help of volunteers.,29 Apr 2025,Wiltshire,https://www.bbc.com/news/articles/cjr7gl3x033o
Reform take Durham as Farage warns council workers,"Reform UK secures 65 seats, as Nigel Farage warns civil servants ""working from home"".",2 May 2025,England,https://www.bbc.com/news/articles/cg419g63qelo
Tuvalu unveils first cash machines in 'momentous' ceremony,Tiny cash-based Pacific nation gets electronic banking for the first time.,16 Apr 2025,World,https://www.bbc.com/news/articles/ce3vyvdz1pko
Scientists study green roof at uni's 'living lab',The Open University is the latest building in Milton Keynes to get a green roof.,29 Apr 2025,"Beds, Herts & Bucks",https://www.bbc.com/news/articles/cx25xq6wxldo
Australian politician fined for supplying cocaine,David Speirs initially dismissed evidence against him as a 'deepfake' but admitted later that he lied.,24 Apr 2025,Australia,https://www.bbc.com/news/articles/cr783dd08k3o
Club's £1m pitch is 'gift to the community',Spalding United has announced a £1m investment in the Sir Halley Stewart Playing Field.,1 May 2025,Lincolnshire,https://www.bbc.com/news/articles/creqr7d90l5o
Why arsenic levels in rice are rising,"Rice is a staple food for billions of people around the planet, but a new study suggests climate change may increase arsenic levels contained within the grain.",18 Apr 2025,Future,https://www.bbc.com/future/article/20250417-how-climate-change-could-affect-arsenic-in-rice
Council considers ban on garden bonfires,A west London council considers creating a bylaw to ban people from having garden bonfires.,3 days ago,London,https://www.bbc.com/news/articles/crmkwjvz9r9o
Israel fires largely controlled after mass evacuations,A national emergency was declared and events for Israel's Independence Day on Thursday were cancelled as the fires spread near Jerusalem.,2 May 2025,Middle East,https://www.bbc.com/news/articles/c4g2vlewj09o
"Fire came at worst time for wildlife, says charity","The large wildfire destroyed about 1,230 acres (50 sq km) of land on Dartmoor.",8 days ago,Devon,https://www.bbc.com/news/articles/c8dgdm2pvego
'Carney's not the messiah!' How 10 Canadians decided who to back,The BBC spoke to 10 voters across the country about the issues and politicians who influenced their vote.,28 Apr 2025,No tag,https://www.bbc.com/news/articles/c0r54kej8jwo
Spain rules out cyber attack - but what could have caused power cut?,The Spanish grid operator said the preliminary assessment suggests there was no cyber attack.,29 Apr 2025,Europe,https://www.bbc.com/news/articles/c209yrl3258o
New £50m bypass opens after delays,West Sussex County Council says delays were caused by 'the worst rains in 200 years'.,5 days ago,Sussex,https://www.bbc.com/news/articles/c8xgljwy40yo
What Pope's speedy election says about Church's priorities,"The new Pope is seen as someone who could unite traditionalist and progressive within the Church, writes the BBC's religion editor.",5 days ago,Europe,https://www.bbc.com/news/articles/c4g2epnpr3ko
Highest ever number of volunteers for overseas aid,"The volunteers helped with projects in Nepal, Malawi and Rwanda, a report says.",28 Apr 2025,Jersey,https://www.bbc.com/news/articles/ce84pl53v9go
Peter Dutton: The ex-cop who took Australia's opposition to the brink,"One of the country's most experienced but polarising politicians, he failed to win the premiership.",3 May 2025,Australia,https://www.bbc.com/news/world-australia-45254762
Heritage site set for huge Viking festival,The Viking Festival at the pre-historic site is expected to be the biggest in the UK this year.,4 May 2025,Peterborough,https://www.bbc.com/news/articles/cp8k0pj57pyo
"More than 700,000 trees planted in Surrey",The county is more than halfway towards its goal of 1.2 million by 2030 - one for every resident.,6 days ago,Surrey,https://www.bbc.com/news/articles/cj9e9y48k1vo
New 44-acre nature reserve for former dairy farm,The site will be allowed to be reclaimed by nature once it is bought.,24 Apr 2025,Somerset,https://www.bbc.com/news/articles/c0el5qj4xlqo
Wireless water butt tech helps to limit flood risk,The technology allows for water to be released ahead of heavy rainfall to increase tank capacity.,5 May 2025,Shropshire,https://www.bbc.com/news/articles/cr78dp4507vo
Chilli vs the chiller: Lord Sugar hires new Apprentice,"He bills the battle between Indian-flavoured pizzas and air conditioning as ""chilli vs the chiller"".",17 Apr 2025,Culture,https://www.bbc.com/news/articles/cvgpqg0wdd6o
Flood victims future-proof their homes,People in Oxford have flood plans in place for when the water levels rise after heavy rain.,23 Apr 2025,Oxfordshire,https://www.bbc.com/news/articles/c8rgmr1310xo
Council question ban 'death knell for democracy',A review recommends stopping opposition parties from asking questions at cabinet meetings.,24 Apr 2025,Tyne,https://www.bbc.com/news/articles/cy48w4jmgjzo
"How Canada party platforms compare on key issues, from the US relationship to housing","In this consequential election, what are the main federal parties' commitments on the major issues?",24 Apr 2025,US & Canada,https://www.bbc.com/news/articles/cjdx9992r8ko
Dundee maritime attraction gets £3.55m funding boost,Discovery Point will use the Heritage Fund award to build new exhibition space and a restaurant.,17 Apr 2025,Tayside & Central Scotland,https://www.bbc.com/news/articles/cy9vn30j17po
Are twins allergic to the same things?,"If one of a pair of twins is allergic to something, does that mean the other twin will be sensitive too?",26 Apr 2025,Future,https://www.bbc.com/future/article/20250425-do-twins-become-allergic-to-the-same-things
Why the trees behind shea butter beauty cream are under threat,One man's struggle to save Uganda's once-profitable trees that produce shea butter.,1 May 2025,Africa,https://www.bbc.com/news/articles/cjewge4lvv0o
Two penguin chicks born at Newquay Zoo,The two Humboldt penguin chicks hatched in April after their eggs were laid in March.,30 Apr 2025,Cornwall,https://www.bbc.com/news/articles/crrzvjp9dx5o
Date set for opening of £50m bypass,West Sussex County Council says the bypass aims to improve travelling and boost the local economy.,24 Apr 2025,Sussex,https://www.bbc.com/news/articles/clywe8wl433o
When Pope Francis received a signed Man Utd shirt,The Greater Manchester Mayor presented the pontiff with the shirt during a Vatican visit in 2023.,21 Apr 2025,Manchester,https://www.bbc.com/news/articles/cdjlnxjx3w1o
"Trump deep sea mining order violates law, China says",The US president speeds up permits for a practice opposed by many countries and environmentalists.,25 Apr 2025,Science & Environment,https://www.bbc.com/news/articles/cx2v37z333lo
Why Australia's opposition is vying for votes on Chinese social media,Chinese Australians are a crucial group that deserted the conservative Liberal-National coalition in the last election.,2 May 2025,World,https://www.bbc.com/news/articles/cqx4vr5nqr8o
Extra funding for council's climate change plans,Dorset Council will spend an extra £6m to reduce greenhouse gas emissions at a faster rate.,27 Mar 2025,Dorset,https://www.bbc.com/news/articles/c1lp0n2jrp0o
Man sets off on 53-mile walk dressed as a curlew,Matt Trevelyan made the Eurasian curlew costume out of polystyrene and bamboo.,21 Apr 2025,North Yorkshire,https://www.bbc.com/news/articles/cp91knr7ygpo
Work set to start on new city flood defences,Offices are set to be demolished and trees chopped down as part of the project.,3 days ago,Derbyshire,https://www.bbc.com/news/articles/c057g62gp87o
Wetlands site to be restored thanks to cash boost,"The transformation aims to improve the habitat for rare and endangered species, the attraction says.",5 days ago,Lancashire,https://www.bbc.com/news/articles/c74z4v3ez0lo
Community groups called on to run sports pavilion,Woking Borough Council is calling on community groups to apply to run the West Byfleet Pavilion.,2 days ago,Surrey,https://www.bbc.com/news/articles/c39xnpvev4wo
Stately home supports No Mow campaign,The stately home is allowing wildflowers to bloom in its lawns for the month of May.,1 day ago,Lincolnshire,https://www.bbc.com/news/articles/c9q0g7g5wr1o
Major roadworks scheme to start in May,National Highways has announced that the upgrade will start on 19 May.,7 days ago,Nottinghamshire,https://www.bbc.com/news/articles/cq808vy3d59o
Wildlife trust's call to protect hoverfly 'heroes',The International Union for the Conservation of Nature classes hoverflies as a threatened species.,20 Apr 2025,England,https://www.bbc.com/news/articles/c1me8jzjerlo
Passengers invited to try out new rail system,Passengers will be able to take a ride on the battery-powered vehicle along a 220m test track.,5 May 2025,Coventry & Warwickshire,https://www.bbc.com/news/articles/c5ygn69p943o
EV charging points approved for 20 car parks,"The EV points will be in car parks near residents with no off-road parking, Kirklees Council says.",7 days ago,No tag,https://www.bbc.com/news/articles/cp919p9j4e2o
Interactive art trail explores life by the sea,The trail aims to tell the stories of Devon families with a strong connection to the sea.,5 days ago,Devon,https://www.bbc.com/news/articles/cy4v94q37l4o
How can I reduce my water usage?,BBC South's environment correspondent Jon Cuthill looks at his own water footprint.,29 Apr 2025,Hampshire & Isle of Wight,https://www.bbc.com/news/articles/ckg181pjp3po
New Reform councillor promises no quick fixes,Reform UK's performance wiped out a Conservative majority held for nearly 30 years.,4 May 2025,Kent,https://www.bbc.com/news/articles/cj9ekx3mz4yo
Mayor reveals schools receiving green scheme money,"City Hall said the scheme could save schools an average of almost £15,000 on their energy bills.",14 Apr 2025,London,https://www.bbc.com/news/articles/cvgn4pewq4lo
Funding cut is 'catastrophic' for dance company,Echo Echo Dance Theatre Company's say their funding application for more than £112K was rejected.,6 days ago,Northern Ireland,https://www.bbc.com/news/articles/cwy6y335g16o
What did Canadian voters make of the big debate?,Seven voters across the political spectrum took us into their thoughts after watching candidates debate.,19 Apr 2025,US & Canada,https://www.bbc.com/news/articles/c99pg5yg0e3o
Scotland's most remote railway adventure,"Running from Inverness to Britain's most northerly junction, the Far North Line passes through sheep meadows, traditional villages and the world's only Unesco-listed blanket peat bog.",27 Apr 2025,Travel,https://www.bbc.com/travel/article/20250423-scotlands-most-remote-railway-adventure
Peak rail fares to be scrapped by Scottish government,More expensive fares for those travelling on trains during busy times will be removed from September.,8 days ago,Scotland,https://www.bbc.com/news/articles/c8x8xe2140jo
Swinney leads Scottish tributes following Pope's death,"Scottish religious and political leaders have paid tribute to the pontiff, who has died at the age of 88.",21 Apr 2025,Scotland Politics,https://www.bbc.com/news/articles/c4grw94x42no
Turning sewage into the world's strongest material,United Utilities trials new tech at a Manchester sewage works turning sludge into graphene and fuel.,20 Apr 2025,Manchester,https://www.bbc.com/news/articles/cn7x6z4gd1zo
How climate change is supercharging allergies,Seasonal allergy sufferers are being hit with more pollen over a longer season due to rising temperatures alongside extreme allergy events like thunderstorm asthma.,12 Apr 2025,Future,https://www.bbc.com/future/article/20250410-how-climate-driven-thunderstorms-supercharge-pollen-allergies
Plea to block wind farm over thousands of forecast bird deaths,Five conservation groups write to the first minister opposing the Berwick Bank development.,30 Apr 2025,Scotland,https://www.bbc.com/news/articles/cj68glee30eo
Five things Carney has pledged to do as Canadian PM,"The election winner wants to double Canada's home-building rate, cut some taxes and boost car-making.",2 May 2025,US & Canada,https://www.bbc.com/news/articles/c209yrq3y2po
Taxi driver fined after offering illegal rides,"Talal Bin Mumtaz Raja operated while his licence was suspended, illegally plying for hire.",27 Apr 2025,Berkshire,https://www.bbc.com/news/articles/cpdz574pd20o
Peace negotiator urges young people to 'stay and cement the peace',"Senator Mitchell - the chairman of the 1998 Good Friday Agreement negotiations - urges young people to ""stay and cement the peace"".",16 Apr 2025,Northern Ireland,https://www.bbc.com/news/articles/ce8240r8w84o
He wanted to be Australia's PM. But a 'Trump effect' thwarted Peter Dutton,A Trump effect and a lack of a coherent campaign saw opposition leader Peter Dutton lose the election.,3 May 2025,Australia,https://www.bbc.com/news/articles/cdxgwnj8v5eo
Grande dame hangs up her ballet shoes aged 89,Some of Sheena Gough's students travelled hundreds of miles for her classes in Edinburgh.,25 Apr 2025,"Edinburgh, Fife & East",https://www.bbc.com/news/articles/cp8k78nvj83o
Iraq sandstorm leaves many with breathing problems,"The sandstorm blanketed southern regions in an eerie, orange haze and shut down airports.",15 Apr 2025,Middle East,https://www.bbc.com/news/articles/c0kxznxyx5do
Hong Kong frees four pro-democracy lawmakers who completed jail terms,They were part of the Hong Kong 47 who tried to run an unofficial election primary.,29 Apr 2025,Asia,https://www.bbc.com/news/articles/c5y6zzg22r5o
Global breakthrough to tackle shipping emissions,Countries break ten-year deadlock to agree measures to reduce commercial shipping emissions.,11 Apr 2025,No tag,https://www.bbc.com/news/articles/c20xxv22wl9o
Fears canal running dry would 'devastate' villages,Visitors and locals say saving the water supply at Monmouthshire and Brecon Canal is crucial.,27 Apr 2025,Wales,https://www.bbc.com/news/articles/c87p5l8gg8po
Bottlenose dolphins spotted killing dolphin juvenile,"Rare attack seen by dolphin spotting tour could become more common as the seas warm, an expert says.",18 Apr 2025,Wales,https://www.bbc.com/news/articles/cpdz2ny9dqzo
Millions watch as Swedish elk begin annual migration,Millions of people have tuned in to watch moose on the move in northern Sweden over the past six years.,16 Apr 2025,Europe,https://www.bbc.com/news/articles/cewgn0v5j9po
Rainforest garden to be created at Bristol Zoo,A rainforest garden due to shown at RHS Chelsea Flower Show will be moved to Bristol Zoo.,5 May 2025,Bristol,https://www.bbc.com/news/articles/c0l034y1zyno
"England water pollution at 10-year high, campaigners say",Campaigners release official data showing the most serious pollution incidents in England are double the target.,16 Apr 2025,Science & Environment,https://www.bbc.com/news/articles/cy5rp6e75q4o
Science forest added to Latitude Festival line-up,Latitude Festival is one of the biggest festivals in the UK and takes place in Suffolk.,28 Apr 2025,Suffolk,https://www.bbc.com/news/articles/czjnwldvjn7o
Surrey experts help protect vital water supplies,A university produces online resources to protect and maintain unregulated water supplies.,24 Apr 2025,Surrey,https://www.bbc.com/news/articles/c39jwdezxmyo
Recycling points for coffee pods opened in city,"Bristol Waste sets up points at recycling centres in St Philip's, Hartcliffe Way and Avonmouth.",6 days ago,Bristol,https://www.bbc.com/news/articles/c4g9jmgnp5ro
Carbon net zero hotel 'better than original dream',"The Devon site has many sustainable features, including bedside lights made from recycled plastic.",24 Apr 2025,Devon,https://www.bbc.com/news/articles/cx26379qnnlo
Sea defence scheme to cost £4.5m more than planned,"In a meeting later, Brighton council cabinet members will be asked to increase funding to £11m.",24 Apr 2025,Sussex,https://www.bbc.com/news/articles/ckg213q20vko
The enthusiast searching for stunning sea slugs,"Eleanor Goodman says she loves them all, from the rainbow sea slug to the Disco Doris.",4 May 2025,England,https://www.bbc.com/news/articles/ckg1dk3km25o
The world's first deep sea mining test 50 years on,"Half a century after the world's first deep sea mining tests picked nodules from the seafloor off the US east coast, the damage has barely begun to heal.",3 days ago,Future,https://www.bbc.com/future/article/20250509-blake-plateau-the-uss-50-year-old-scars-from-the-worlds-first-deep-sea-mining-test-site
Wildlife trust considers beaver rewilding project,Surrey Wildlife Trust says reintroducing beavers into the county would help to improve wetlands.,22 Apr 2025,Surrey,https://www.bbc.com/news/articles/c1jx8dx27k5o
"Set out priorities, county's Lib Dems tell Reform",Reform is the largest block in Warwickshire where no party has taken overall control.,3 May 2025,Coventry & Warwickshire,https://www.bbc.com/news/articles/c20z3dr0yg3o
Woodland classroom could be built at reservoir,A road closure is in place leading up to the reservoir as roadworks begin to improve flood defences.,29 Apr 2025,Somerset,https://www.bbc.com/news/articles/cvg7q9en9xyo
"Opportunity for big US-China trade deal, says Bessent",The comments from the US Treasury Secretary come as the trade war between the world's two biggest economies has escalated.,23 Apr 2025,Business,https://www.bbc.com/news/articles/clywg25ykqno
Councillors agree £11m funding for Exceat Bridge,Councillors agree to redirect more than £11m towards plans to replace Exceat Bridge in East Sussex.,22 Apr 2025,Sussex,https://www.bbc.com/news/articles/c89gq4x15zjo
Plan for England's largest wind farm 'scaled back',"If approved, a wind farm on moors above Hebden Bridge will have fewer turbines than first planned.",29 Apr 2025,West Yorkshire,https://www.bbc.com/news/articles/clyw0z9dkv4o
Liberal Party names first female leader after historic Australia election loss,Sussan Ley takes over from Peter Dutton after he led the party to a bruising loss at an election earlier this month.,1 day ago,Australia,https://www.bbc.com/news/articles/cjrn4x1xr2do
Oil and gas firm plans to cut 250 jobs in Aberdeen,"Harbour Energy, a critic of the windfall tax, claims a ""punitive"" fiscal regime is harming profits and investment.",7 days ago,Scotland,https://www.bbc.com/news/articles/cq676vjmj43o
House building costs highest in London - report,Analysis on housebuilding costs was revealed at The Centre for London's Housing Summit on Wednesday.,2 May 2025,London,https://www.bbc.com/news/articles/c4gr7lejgj9o
Rare Iron Age textile to go on display for first time,"The piece of fine woven yarn is almost 2,500 years old and dates back to the early to middle part of the Iron Age.",23 Apr 2025,Scotland,https://www.bbc.com/news/articles/cg41e6dr2p1o
"No hosepipe ban in 2025, says water firm",The water firm says there are no plans for a ban despite the increasingly warm weather.,6 May 2025,England,https://www.bbc.com/news/articles/ce3v0p13ykqo
'People's Pope' and 'Battle for Church's future',"The death of Pope Francis, aged 88, dominates the front pages of the major UK papers.",22 Apr 2025,The Papers,https://www.bbc.com/news/articles/c87pr4710e8o
"Changing leader not enough to fix Tories, Badenoch says","The Tory leader says her party's comeback will be ""slow and steady"", after her heavy local election losses.",4 May 2025,Politics,https://www.bbc.com/news/articles/c5y6nv7l635o
Toad makes 'wonderful' comeback at national park,It is the first time natterjack toads have been recorded breeding at the Blackmoor site in 50 years.,2 days ago,Hampshire & Isle of Wight,https://www.bbc.com/news/articles/cje73exjd74o
US halts construction of giant wind farm off New York coast,The pause is a major blow to the US's wind energy industry which has been targeted by President Trump.,17 Apr 2025,US & Canada,https://www.bbc.com/news/articles/cwy7d8lz7wjo
Couple who set up theatre 'overwhelmed' by its success,"Every show put on at Backyard Theatre so far has sold out, say Neil Wilson and Cath Cooper.",20 Apr 2025,Somerset,https://www.bbc.com/news/articles/cy48pg9k02eo
Zero carbon research team aims to change the world,The team at the new Zero Carbon Innovation Centre want to make sustainable transport a reality.,16 Apr 2025,Nottinghamshire,https://www.bbc.com/news/articles/c39jxz97z00o
VE Day 80: Poignant thank you to a heroic generation,"VE Day 80 sees big crowds supporting surviving veterans of World War Two, our correspondent writes.",5 May 2025,UK,https://www.bbc.com/news/articles/cp8j69pz49no
Why alligators are the Everglades' bodyguards,These 'gnarly swamp monsters' are breathing life into Florida's Everglades.,19 Apr 2025,Future,https://www.bbc.com/future/article/20250417-how-alligators-keep-floridas-everglades-healthy
"Charity to plant 30,000 trees for mountain woodland",A project aims to restore an almost lost type of habitat in the Cairngorms.,15 Apr 2025,Highlands & Islands,https://www.bbc.com/news/articles/c24q9rem1n4o
"Moorland wildfire damaged 14,000 new trees",Fire crews were called to a large wildfire near March Haigh Reservoir on 10 April.,29 Apr 2025,West Yorkshire,https://www.bbc.com/news/articles/cgqvjw4qqjzo
"Riffs, rage and racers: Africa's top shots",A selection of the week's best photos from across the African continent and beyond.,2 May 2025,Africa,https://www.bbc.com/news/articles/c2kvwjjy21do
The scientists who leave no trace in the high Arctic,Scientists in the high Arctic are lifting their labs into the air to avoid damage from melting permafrost.,11 Apr 2025,Future,https://www.bbc.com/future/article/20250408-the-scientists-leaving-no-trace-in-the-arctic
Wildfire home scare has owners fearing about future,A mild winter followed by spring droughts has made this year particularly bad for wildfires in Wales.,12 Apr 2025,Wales,https://www.bbc.com/news/articles/c9veeypj93eo
The benefits of cleaning with vinegar,"Katarina Zimmer put vinegar to the test as a cleaning product and discovered a wide range of benefits, for people and the planet.",24 Apr 2025,Future,https://www.bbc.com/future/article/20250423-is-vinegar-safer-and-more-sustainable-than-other-cleaning-products
Jenkyns: fracking would save money for taxpayers,The new mayor for Greater Lincolnshire says she will be meeting with a fracking company.,4 May 2025,Lincolnshire,https://www.bbc.com/news/articles/c4g9112nd8vo
Blue Origin crew safely back on Earth after all-female space flight,Six women - including pop star Katy Perry - blasted off into space as part of an all-women suborbital mission,14 Apr 2025,Science & Environment,https://www.bbc.com/news/articles/cvg8e5gq8ljo
"Residents nervous about flood risk, says MP",George Freeman calls on the government to compel housebuilders to provide adequate drainage.,20 mins ago,Norfolk,https://www.bbc.com/news/articles/c071gp17nxyo
Town ferry to return 'by summer if not before',The passenger ferry service connecting West Lynn and King's Lynn has been suspended since January.,7 days ago,Norfolk,https://www.bbc.com/news/articles/c3v9vk2nzklo
Fruit and veg plots planned for Civic Hall garden,Plans to grow food in the garden were first suggested last September but are now being considered.,12 Apr 2025,England,https://www.bbc.com/news/articles/c75d322v292o
'Warm weather means strawberries are Easter ready',A Chichester-based strawberry grower says it has produced 50 tonnes more fruit than last year.,14 Apr 2025,Sussex,https://www.bbc.com/news/articles/cdjl9xv1jl3o
Thieves target charity twice in two weeks,'Vital' items used for repair cafés have been stolen from Vision 21.,25 Apr 2025,Gloucestershire,https://www.bbc.com/news/articles/cp8kd7n7e6yo
Students tackle 'massive problem' of flooding,"Students study the impact of flooding, aiming to ""make a difference for future generations"".",24 Apr 2025,Berkshire,https://www.bbc.com/news/articles/cpvr8dmgj1mo
Why Scotland could be hardest hit by RTS meter switch off,"Nearly 135,000 Scottish homes are still waiting for an equipment upgrade ahead of the 30 June deadline.",1 May 2025,Scotland,https://www.bbc.com/news/articles/czd3zp820g3o
Warwickshire vote sees Reform become largest party,Tory leader Izzi Seccombe loses her seat while the vote leaves the council under no overall control.,2 May 2025,Coventry & Warwickshire,https://www.bbc.com/news/articles/clywqljezd5o
Moving on 'bitter sweet' for conservation boss,Manx Wildlife Trust chief executive Leigh Morris reflects on five years leading the organisation.,19 Apr 2025,Isle of Man,https://www.bbc.com/news/articles/c4g22kpnx5po
Efforts made to save one of England's rarest fish,Arctic charr numbers in Windemere in the Lake District are falling and researchers want to know why.,25 Apr 2025,Cumbria,https://www.bbc.com/news/articles/cwy63ge60zno
Canada party leaders grilled in election debate on how to tackle Trump,"Frontrunner Mark Carney was tested in Wednesday's French-language debate, the first of two match-ups before the 28 April election.",17 Apr 2025,US & Canada,https://www.bbc.com/news/articles/ckgx6kl274zo
Barriers removed from coastal park over access concerns,"The barriers, installed to stop motorcyclists, had also restricted access for disabled visitors.",23 Apr 2025,Wales,https://www.bbc.com/news/articles/cx2y85ynk33o
One-way street plan aims to improve road safety,"Seven crashes have been recorded between 2019 and 2023 in the area, with five people left seriously injured.",23 Apr 2025,South Yorkshire,https://www.bbc.com/news/articles/cgrgz9kvw9yo
The dark WW2 history written into Germany's parks,"Eighty years after the end of World War Two, blasted trees and rubble forests tell a hidden story of wartime bombardment and Nazi terror.",30 Apr 2025,Future,https://www.bbc.com/future/article/20250429-we-planted-trees-among-the-rubble-the-dark-ww2-history-written-into-germanys-parks
Low carbon heat plans for 150 homes approved,Cherwell District Council approves a central energy centre scheme for Upper Heyford homes.,12 Apr 2025,Oxfordshire,https://www.bbc.com/news/articles/c14xkevy680o
Australia's last vote was all about Indigenous people - now they say it's 'silence',Prime Minister Anthony Albanese and Opposition leader Peter Dutton have had little to say on First Nations issues.,30 Apr 2025,Australia,https://www.bbc.com/news/articles/cx2v6zy2nyvo
Fears of global instability drive Singapore voters into ruling party's arms,The People's Action Party won by a landslide in an election dominated by concerns over the cost of living and the economy.,3 May 2025,Asia,https://www.bbc.com/news/articles/cly505gqwwpo
"Butterflies need us to mow lawns less, experts say","Alarmed at declining numbers of the insects, conservationists are asking gardeners to keep grass long.",28 Apr 2025,Wiltshire,https://www.bbc.com/news/articles/c0l060zwrero
ANC U-turn over tax that threatened South Africa's government,The finance minister drops a planned VAT increase after one party in the coalition government goes to court.,24 Apr 2025,Africa,https://www.bbc.com/news/articles/cdrg2rve3vvo
Brook given special status to save rare crayfish,Jerusalem Farm is home to one of the county's last remaining populations of white-clawed crayfish.,19 Apr 2025,England,https://www.bbc.com/news/articles/c4g2zm3zz87o
Battery farm set for approval despite objections,Residents have raised numerous concerns about building a battery energy storage site in Holmfield.,16 Apr 2025,England,https://www.bbc.com/news/articles/cvg700eny9no
Reform-run council told it could stop solar farm,Reform UK leader Nigel Farage lists some decisions the party's newly-elected councillors could make.,3 May 2025,Stoke & Staffordshire,https://www.bbc.com/news/articles/cgenl77d50wo
Hopes rare dragonfly will thrive at new site,Conservation teams have been collecting and transporting larvae to the new site in buckets.,22 Apr 2025,No tag,https://www.bbc.com/news/articles/crrzngpv589o
Industrial waste turning into rock 'in decades',"A tyre, an aluminium drinks can tab and a 1934 coin are found in rock on the Cumbrian coast.",29 Apr 2025,UK,https://www.bbc.com/news/articles/c86j2x4d29lo
Reform UK makes big gains in English local elections,Nigel Farage's party gains its first foothold in local government after seizing hundreds of seats.,3 May 2025,Politics,https://www.bbc.com/news/articles/cd6j8e38p79o
County flower's population sees 'dramatic increase',"Nearly 30,000 snake's-head fritillaries are found at an Oxford nature reserve during the 2025 count.",22 Apr 2025,Oxfordshire,https://www.bbc.com/news/articles/c7vn0p52q2go
Flowers on ex-industrial sites 'harming bees',"Metals in brownfield land can harm pollinators when wildflowers bloom there, say researchers.",16 Apr 2025,Cambridgeshire,https://www.bbc.com/news/articles/c20x97k2095o
New pope should 'carry on legacy of Francis',Pupils at a Catholic school share their hopes about which path the new pontiff should take.,6 days ago,Norfolk,https://www.bbc.com/news/articles/c705010prp4o
The secret keepers of Japan's cherry blossoms,"For 16 generations, master gardeners in this one family have dedicated their lives to preserving one of the nation's most cherished – and highly sought-out – symbols.",23 Apr 2025,Travel,https://www.bbc.com/travel/article/20250422-japans-97-year-old-cherry-blossom-guardian
What are UV levels and how can you protect yourself?,How to protect yourself from UV radiation.,29 Apr 2025,Health,https://www.bbc.com/news/articles/ckmg1572e8ko
'Inspiring' Museum of the Year nominees all outside London,The winner of the Art Fund prize will be announced this summer at a ceremony in Liverpool.,29 Apr 2025,Culture,https://www.bbc.com/news/articles/ce3v7ngn7nvo
The UK puffin paradise drawing visitors from across the world,Huge numbers of visitors flock to RSPB Bempton Cliffs to see dolphins and seabirds during spring.,3 days ago,Hull & East Yorkshire,https://www.bbc.com/news/articles/czdypeqynejo
Political and religious leaders welcome new Pope,Many figures from across the island of Ireland offer congratulations as Pope Leo XIV is elected.,5 days ago,Northern Ireland,https://www.bbc.com/news/articles/cy90e0p4j32o
"Ten Tors: Rules, routes and safety measures",Thousands of teenagers will head to Dartmoor to take part in the Devon-based challenge.,6 days ago,England,https://www.bbc.com/news/articles/ce82l1360e0o
GB Energy to be blocked from using slavery-linked solar,The government says it has listened to MPs who called for a ban on panels linked to slave labour.,23 Apr 2025,No tag,https://www.bbc.com/news/articles/c5yrg7pkzpxo
What genetics has taught us about race,"As US President Donald Trump takes aim at the Smithsonian Institution for ""anti-American ideology"", Adam Rutherford examines what the science of genetics has taught us about race.",20 Apr 2025,Future,https://www.bbc.com/future/article/20250417-biological-reality-what-genetics-has-taught-us-about-race
Warmest day of year as UK temperature hits 24.9C,Temperatures reached a new high for the year on Tuesday - and are predicted to peak on Thursday.,29 Apr 2025,UK,https://www.bbc.com/news/articles/c0m9yez3780o
Fears for wildlife as homes plan gets approval,Those living near a much-loved wildlife corridor express disappointment as a council is overruled.,2 May 2025,Birmingham & Black Country,https://www.bbc.com/news/articles/cvgqmg5l7l3o
Volunteers celebrate breaking tree-planting record,The trees planted will benefit the ecosystem while reducing soil erosion and flooding.,26 Apr 2025,Gloucestershire,https://www.bbc.com/news/articles/cly1w07pegno
China's alternative to charging electric cars,A new fully charged EV battery in five minutes – are China's swap stations the future of electric cars?,6 May 2025,Future,https://www.bbc.com/future/article/20250506-are-chinas-swap-stations-the-future-of-electric-cars
Brazilian butt lift ads banned by UK regulator,"The ads used time-limited deals to ""irresponsibly pressurise"" customers into booking, says the Advertising Standards Authority.",16 Apr 2025,Health,https://www.bbc.com/news/articles/c74zdy7j42do
Headlines: Mischief of mice and nightclub security,A look at what stories are trending across the West of England on 15 April.,15 Apr 2025,England,https://www.bbc.com/news/articles/cj3xl74e8leo
Who is Elon Musk and what is his net worth?,"It seems like not a day goes by without billionaire Elon Musk making headlines. Here's what we know about the boss of X (formerly Twitter), Tesla and SpaceX.",23 Apr 2025,Business,https://www.bbc.com/news/business-61234231
'Wildfire sent years of work up in flames',A decade of conservation was wiped out in days when a wildfire ripped across the Glen Rosa valley.,28 Apr 2025,Glasgow & West Scotland,https://www.bbc.com/news/articles/crm31l4y87ko
The world's most surprising pollinators,New research is showing just how much plants and crops rely on a host of darkness-dwelling creepy crawlies.,17 Apr 2025,Future,https://www.bbc.com/future/article/20250416-where-bees-wont-go-how-cockroaches-bats-and-beetles-pollinate-the-worlds-plants-and-crops
"Clean energy's share of world's electricity reaches 40%, report says",More clean electricity was generated in 2024 but there was a rise in the amount of coal and gas burnt too.,8 Apr 2025,Asia,https://www.bbc.com/news/articles/cq80ygdd3zlo
Could Trump invoke another rarely-used law at the border?,"The Insurrection Act of 1807 allows the president to deploy the military to enforce laws on US soil, including arresting migrants.",21 Apr 2025,US & Canada,https://www.bbc.com/news/articles/c9qwez9zz7jo
Council to spend £10m to decarbonise buildings,Twenty of Oxfordshire County Council's buildings will be adapted to cut carbon emissions.,13 Apr 2025,Oxfordshire,https://www.bbc.com/news/articles/cjdxz003rmzo
Farmers urged to comply with rules on taking water,"The warning comes amid a large number of unlicensed water abstractions, says the Environment Agency.",8 Apr 2025,England,https://www.bbc.com/news/articles/c4g2my442l0o
Swinney vows action on GP appointment 'lottery',Scotland's first minister says the NHS will be at the heart of his government's plans for the coming year.,8 days ago,Scotland Politics,https://www.bbc.com/news/articles/cx20xr0jk3wo
Flood-hit rowing club's regatta sponsorship plea,A rowing club has a cash-flow crisis after floods saw the cancellation of last year's regatta.,10 Apr 2025,Hereford & Worcester,https://www.bbc.com/news/articles/cj6884nwlz3o
Light installation will transform church interior,"The suspended light installation casts moving shadows, illuminating the church and forming halos.",19 Apr 2025,Northamptonshire,https://www.bbc.com/news/articles/clyq1ydq5vxo
"Pope's Ireland visit came at difficult time, says Varadkar",Pope Francis met former Taoiseach Leo Varadkar at Dublin Castle in 2018 as part of a two-day visit to the Republic of Ireland.,23 Apr 2025,Europe,https://www.bbc.com/news/articles/ckgev984z47o
The best spring birdwatching spots in Yorkshire,Some species return to Yorkshire in April after spending the winter in Africa.,19 Apr 2025,England,https://www.bbc.com/news/articles/cjwvvj381l0o
Can India really stop river water from flowing into Pakistan?,"After a deadly militant attack in Kashmir, India suspended a key water treaty with neighbouring Pakistan.",25 Apr 2025,Asia,https://www.bbc.com/news/articles/cd7vjyezypqo
'Pope stood for what we thought church wouldn't',A same-sex couple have praised Pope Francis during a visit to Liverpool Metropolitan Cathedral.,22 Apr 2025,Liverpool,https://www.bbc.com/news/articles/cyvq5z65rngo
Exploring Australia's 'magical' glow-in-the-dark world,"In Australia's Illawarra region, a ghostbusting-style night tour reveals ghost fungi, sea sparkles and tiny organisms lighting up the dark.",5 days ago,Travel,https://www.bbc.com/travel/article/20250508-australias-mysterious-glowing-big-four
The artichoke so prized that people sell fakes,"For just two weeks each spring, a rare violet artichoke is harvested by hand on Venice's northern islands – and locals go to great lengths to keep it authentic.",3 May 2025,Travel,https://www.bbc.com/travel/article/20250502-the-artichoke-so-prized-that-people-sell-fakes
Politics fest to give 'sense of hope' - organisers,"Sheffield's Festival of Debate will run for six weeks at venues across the city, organisers say.",13 Apr 2025,South Yorkshire,https://www.bbc.com/news/articles/cy48v1dxeydo
How Katy Perry became the Hot and Cold popstar,"The US singer says she feels ""bruised"" after weeks of online backlash - what's sparked the change?",4 May 2025,No tag,https://www.bbc.com/news/articles/cwynz85zj2vo
Toblerone dark chocolate bar discontinued in the UK,"Mondelēz International, which owns the brand, says it took the ""difficult decision"" to axe the 360g bar.",18 Apr 2025,UK,https://www.bbc.com/news/articles/cy4v0jy925vo
Could an almighty eruption destroy a dreamy Greek island?,Scientists are investigating for the first time how dangerous the island's next big one could be.,21 Apr 2025,Europe,https://www.bbc.com/news/articles/cm25lz56rezo
Hundreds of homes to get energy saving upgrades,A fund of £13.5m is available to spend on homes with poor energy efficiency ratings.,15 Apr 2025,Bristol,https://www.bbc.com/news/articles/cr5d270ddylo
Wildfire warning over new controlled burning rules,Land managers will need to apply for a license ahead of the new muirburn season in September.,18 Apr 2025,Scotland Politics,https://www.bbc.com/news/articles/c7937vw40n3o
"Who is Pierre Poilievre, the Canadian conservative aiming to end Liberal era?",Canadian Conservative leader Pierre Poilievre is seeking to bring the Liberal Party's nine years in power to an end.,27 Apr 2025,US & Canada,https://www.bbc.com/news/articles/c9dpde9dxp0o
Plans for new 20mph limits set to be approved,Westmorland and Furness Council says the reduction would reduce pollution and improve safety.,19 Apr 2025,Cumbria,https://www.bbc.com/news/articles/cdxnwy6yv57o
UK investigating claims green fuel contains virgin palm oil,"The BBC finds evidence of fraud in the production of a ""green"" diesel meant to cut emissions.",9 Apr 2025,Climate,https://www.bbc.com/news/articles/cm24n8nej94o
"Flood works to protect town get £20,000 boost",Bunds will be built upstream of Witney to hold water back and prevent the town from being flooded.,21 Apr 2025,Oxfordshire,https://www.bbc.com/news/articles/c89gded15z8o
"Constance Marten's baby exposed to 'substantial' cold, jury hears","Marten and the baby's father, Mark Gordon, are in the middle of a retrial at the Old Bailey in London.",15 Apr 2025,UK,https://www.bbc.com/news/articles/c89g0nep49lo
"Who is Robert Prevost, the new Pope Leo XIV?",Pope Leo XIV has supported his predecessor and focus will turn on whether he continues Church reforms.,5 days ago,Europe,https://www.bbc.com/news/articles/c0ln80lzk7ko
Why Zelensky can't and won't give up Crimea,Ukraine's leader has ruled out recognising Russian control of the peninsula as part of a Trump peace plan.,24 Apr 2025,Europe,https://www.bbc.com/news/articles/cm2x58m46e1o
It's only early April and north India is bracing for extreme heat,India's weather department has issued a yellow alert for parts for northern India until Wednesday.,7 Apr 2025,Asia,https://www.bbc.com/news/articles/cwyn741gg73o
Moorland to be restored to its 'natural state',Keighley Habitat Bank will restore fields previously used for sheep grazing to their natural state.,14 Apr 2025,England,https://www.bbc.com/news/articles/c62xxv5v6nyo
Can the mammoth be resurrected?,"From an Australian frog that swallowed its own eggs to woolly mammoths, scientists could soon bring back long-lost species from the dead.",8 Apr 2025,Future,https://www.bbc.com/future/article/20230113-how-extinct-animals-could-be-brought-back-from-the-dead
City's street lights switched back on for safety,"In 2023, most of Newport's LED lights were switched off from midnight to 06:00 to save money.",17 Apr 2025,Wales,https://www.bbc.com/news/articles/c209e4qxqz1o
Health minister rejects hospital review findings,"The minister says he rejected the majority of the review's recommendations as ""unnecessary"".",14 Apr 2025,Jersey,https://www.bbc.com/news/articles/cn7x2ryr832o
How family's garden centre blossomed over 70 years,"The family business is celebrating seven decades, but it has not always been rosy.",27 Apr 2025,"Beds, Herts & Bucks",https://www.bbc.com/news/articles/cx2wrerzlrgo
"If the UK has more renewable energy, why aren't bills coming down?","The government has pledged to reduce energy bills by using more renewables, but bills are currently rising.",24 Apr 2025,No tag,https://www.bbc.com/news/articles/crkep1vx3mro
Guernsey civil servants agree deal for 5% pay rise,"Prospect, representing civil service staff, says the pay rise will be backdated to 1 January 2025.",15 Apr 2025,Guernsey,https://www.bbc.com/news/articles/cj45wpx5lzro
Why is an at-risk bird colony thriving in Suffolk?,"Residents say they are ""fed up"" with the mess the birds leave - but why is this colony thriving?",24 Apr 2025,Suffolk,https://www.bbc.com/news/articles/cy0x383gpk9o
Blue-green algae blooms in Martray Lough,"The presence of blue-green algae in Martray Lough near Ballygawley is ""disheartening"", Daera has said.",10 Apr 2025,Northern Ireland,https://www.bbc.com/news/articles/c62zzewlrpeo
Numbers of Welsh bus users lag behind rest of Britain,Wales has seen the slowest post-Covid recovery in numbers of passengers returning to the bus network.,9 Apr 2025,Wales,https://www.bbc.com/news/articles/cp91ypp11vmo
Tone deaf choir bringing joy to amateur singers,A choir for tone deaf people has added evening classes to meet the high demand.,14 Apr 2025,Bristol,https://www.bbc.com/news/articles/crld3j90yd6o
"Wildlife hopes for new 600,000-tree forest",Greencroft Forest Park is being created on farmland at a former country estate in County Durham.,16 Apr 2025,Wear,https://www.bbc.com/news/articles/c5yggq77j82o
UK's rarest wildlife being 'pushed to extinction' by grass fires,Wildfires 'could spell the end' for rare species such as water voles and hen harriers.,16 Apr 2025,Wales,https://www.bbc.com/news/articles/c2dej3x9432o
How Peter Dutton's heartland lost him Australia's election,"It was the opposition leader's home state that delivered Labor its win, with the red wave taking out his own seat.",7 days ago,Australia,https://www.bbc.com/news/articles/ckgxg6x2vv4o
Brazil to host Prince William's Earthshot Prize,The climate prize ceremony will come just before Brazil hosts the COP30 climate summit in November.,4 Apr 2025,Latin America,https://www.bbc.com/news/articles/c2kv0kpyx1yo
Behind the scenes of the 'house of bears' photo,A photographer's iconic shots of polar bears in abandoned buildings on a Russian island shine a spotlight on wider changes in their behaviour.,8 Apr 2025,Future,https://www.bbc.com/future/article/20250407-the-polar-bears-living-in-an-abandoned-arctic-weather-station
Wild chimpanzees filmed using forest 'first aid',The research builds on the discovery that chimps seek out and eat certain plants to self-medicate.,10 hrs ago,Science & Environment,https://www.bbc.com/news/articles/cqj7ln85vxwo
Severe floods hit Lanzarote after torrential rain,A state of emergency was declared in the Spanish Canary Island after 6cm (2.4in) of water fell in two hours on Saturday.,13 Apr 2025,Europe,https://www.bbc.com/news/articles/cpdz15q2931o
'Warm' Pope's passion for football remembered,Father Marc Lyden-Smith says Francis brought Sunderland victory after holding the team jersey.,21 Apr 2025,England,https://www.bbc.com/news/articles/cjdxj3nejpro
Wind farm fund supports rural community projects,"Local groups benefit from a share of £250,000 in community grants, a foundation says.",10 Apr 2025,Northamptonshire,https://www.bbc.com/news/articles/c62gg882q0mo
"Don't use barbecues on moorland, warns firefighter",Steven Fisher spoke out amid an amber alert for wildfires across most of the UK.,7 Apr 2025,Somerset,https://www.bbc.com/news/articles/cx25e9dnw2qo
Could AI text alerts help save snow leopards from extinction?,"In Pakistan, it's hoped newly-developed AI cameras could warn villagers via text to move their livestock if snow leopards enter the area.",21 Apr 2025,Asia,https://www.bbc.com/news/articles/cn80v2ngp74o
Swinney 'very moved' after Pope's funeral in Rome,First Minister John Swinney is among the Scots who have travelled to the Italian capital for the ceremony.,26 Apr 2025,Scotland Politics,https://www.bbc.com/news/articles/c0r5xdpz2zvo
Grant will allow more tree-planting for town,"Trowbridge, Wiltshire, can start phase two of a tree planting project after a grant from a national fund.",6 Apr 2025,Wiltshire,https://www.bbc.com/news/articles/c93gl17jpv2o
Resurrecting Italy's 'dead' sea - with plants,Decades of industrialisation have polluted the waters of Italy's Mar Piccolo and brought mussel farming to its knees. Can plants bring back a traditional way of life?,14 Apr 2025,Future,https://www.bbc.com/future/article/20250411-saving-italys-polluted-mar-piccolo-using-plants
Warning as dog freed from car in spring sunshine,Derbyshire Police had to smash the window to a car parked in Clay Cross.,11 Apr 2025,Derbyshire,https://www.bbc.com/news/articles/cp34qv502z2o
First minister leads Wales' tributes after Pope dies,"Actor Jonathan Pryce, who played the late Pope Francis in a film, is among those paying tribute.",21 Apr 2025,Wales,https://www.bbc.com/news/articles/cz95ve3z9z1o
Hundreds of flights cancelled in China as strong winds hit capital,"State media outlets earlier warned that people weighing less than 50kg may be ""easily blown away"".",12 Apr 2025,Asia,https://www.bbc.com/news/articles/c89gp9g5zyjo
Read Pope Francis's final address in full,A full transcript of the pontiff's final address on Easter Sunday 2025.,21 Apr 2025,Europe,https://www.bbc.com/news/articles/c4g9577g1k1o
The divides behind the scenes in the Vatican ahead of the conclave,"Pope Francis's efforts to shake up the workings of the Church should be built on by the next pope, according to some - but his critics are less convinced",8 days ago,BBC InDepth,https://www.bbc.com/news/articles/c2de9d8dky0o
Street urination 'due to lack of public toilets',York City Council is set to review plans to introduce £100 fines to curb urination in the street.,16 Apr 2025,North Yorkshire,https://www.bbc.com/news/articles/c5y5k9g8wz7o
Rundown playgrounds will be spruced up with £1m,"Parents say one particular playground is shabby and ""neglected"".",10 Apr 2025,Essex,https://www.bbc.com/news/articles/cz955n19zz7o
Election countdown - should Swinney be optimistic?,"The first minister will set out his programme for government this week, with a focus on steadying the ship.",4 May 2025,Scotland Politics,https://www.bbc.com/news/articles/cwynzj1ezv4o
Garden centres get ready for busy long weekend,"Spring sunshine sees trade in plants step up in and businesses say the weather ""drives everything"".",17 Apr 2025,Hereford & Worcester,https://www.bbc.com/news/articles/c807g3v571do
Farmers in court in 'David v Goliath' pylon battle,Five farmers appear in court for refusing access to surveyors of a controversial new pylon route.,8 Apr 2025,Wales,https://www.bbc.com/news/articles/clyqjjlqdzvo
Think about slavery before buying cheap clothes - ex-PM,The former prime minister says the issue of modern slavery has fallen down the political agenda.,15 Apr 2025,Politics,https://www.bbc.com/news/articles/c3v93yx92w4o
What do Americans think of Trump's foreign policies?,"Most Americans do not believe the US should try to take over Greenland or Gaza, a Pew Research survey suggests.",8 Apr 2025,US & Canada,https://www.bbc.com/news/articles/cd7vejvjwp0o
What the Romans did for Europe's woods,The chestnut trees of Europe tell a hidden story charting the fortunes of ancient Rome and the legacy it left in the continent's forests.,5 hrs ago,Future,https://www.bbc.com/future/article/20250513-what-chestnuts-reveal-about-the-roman-empire
Energy-efficient neighbourhood scheme launches,Wolverhampton City Council says a £545k grant will help it form a plan to implement across the city.,15 Apr 2025,Wolverhampton,https://www.bbc.com/news/articles/c87pepy195xo
A new pope is coming. Is the US embracing faith?,BBC Special Correspondent Katty Kay and author Ross Douthat discuss the state of religion and what could come with a new pope as cardinals convene at the Vatican for a conclave.,7 days ago,Business,https://www.bbc.com/worklife/article/20250507-new-pope-catholicism-america-ross-douthat-katty-kay-interview
Endangered axolotl release raises hopes for rare amphibian,"Study provides hope for future of the axolotl amphibian, pushed to the brink of extinction in Mexico.",30 Apr 2025,Science & Environment,https://www.bbc.com/news/articles/cm2xr2jzelyo
Food hubs receive another year of funding,The seven hubs in West Sussex will now continue until April 2026 thanks to the council funding.,7 Apr 2025,Sussex,https://www.bbc.com/news/articles/cn91xnqgdg5o
Free parking initiative to boost high street shops,Worthing Borough Council says this scheme will support local businesses which are facing challenges.,7 Apr 2025,Sussex,https://www.bbc.com/news/articles/c807l9p11ylo
Two more Metro trains arrive at depot,Tyne and Wear Metro bosses say the new fleet will be fully operational by the end of 2026.,14 Apr 2025,England,https://www.bbc.com/news/articles/ce8207dd74go
"Fire, fronds and flax: Africa's top shots",A selection of the week's best photos from across the African continent and beyond.,18 Apr 2025,Africa,https://www.bbc.com/news/articles/c3v9z49d6glo
Plans unveiled for town centre redesign,Horsham District Council says it wants to add new cycle lanes and public spaces to the town centre.,11 Apr 2025,Sussex,https://www.bbc.com/news/articles/cglxxjj9dr1o
Hull and East Yorkshire mayoral election: Kerry Harrison,Kerry Harrison is standing for the Green Party in the Hull and East Yorkshire mayoral election.,7 Apr 2025,Hull & East Yorkshire,https://www.bbc.com/news/articles/c78e8zwxzw7o
CCTV captures moment of explosion in central Athens,"There have been no reported injuries, as Greece's transport minister condemns the ""criminal"" attack.",12 Apr 2025,Europe,https://www.bbc.com/news/articles/c0r51d2r8peo
Student buildings bulldozed in housing estate plan,Plans are approved for up to 261 homes on a former student accomodation site in Huddersfield.,13 Apr 2025,England,https://www.bbc.com/news/articles/c4g432wvpg7o
Inspector absence puts bee population 'under threat',NI's last full-time bee inspector retired in 2024 and the part-time inspector died shortly after.,18 Apr 2025,Northern Ireland,https://www.bbc.com/news/articles/cx2vrpl04xgo
No legal requirement to update heating in new bill,A previous version of the bill required new homeowners to replace their heating systems by 2045.,3 Apr 2025,Scotland Politics,https://www.bbc.com/news/articles/cdrgd85yxmxo
Glasto blues? Check out these festivals instead,"If you missed out on Glastonbury tickets, there are plenty of other festivals to enjoy.",27 Apr 2025,England,https://www.bbc.com/news/articles/cgm8lw20r49o
Will this be the 'anyone but the big parties' local election?,"""Slivers"" of votes are set to decide the local elections - with the big parties likely to suffer.",26 Apr 2025,BBC InDepth,https://www.bbc.com/news/articles/c77nm4jprl8o
"'No hormones please, we're British beef farmers'",Different rules on farming standards on either side of the Atlantic could make a trade deal tricky,17 Apr 2025,Gloucestershire,https://www.bbc.com/news/articles/cp31qqlq29vo
NI and Irish leaders react to 'profound sadness' of Pope's death,Leaders across the island pay tribute and express condolences following the death of Pope Francis.,21 Apr 2025,Northern Ireland,https://www.bbc.com/news/articles/c74nwewyw8vo
Swinney to announce government policy plans early,"The first minister will deliver the legislative agenda next month, a year ahead of Holyrood elections.",14 Apr 2025,Scotland,https://www.bbc.com/news/articles/cy0x8llxy5yo
Donald Trump is looming over Australia's election,Foreign policy is rarely a big factor in Australia's poll - but the US president has changed that.,2 May 2025,BBC InDepth,https://www.bbc.com/news/articles/c9w80ndlp2yo
Scientists in a race to discover why our Universe exists,Researchers in the US and Japan are racing to build new particle detectors that they hope will explain why the Universe exists.,2 days ago,Science & Environment,https://www.bbc.com/news/articles/cjwvgevjjl6o
St Ives Bay carbon capture plans scrapped,"Bosses said it had been judged as ""commercially unviable"" in Cornwall and it would not be pursued.",10 Apr 2025,Cornwall,https://www.bbc.com/news/articles/cq5ww14zv1vo
Show reveals 'extraordinary' Ice Age art - council,"The Keighley Cliffe Castle display will contain objects from the British Museum, the council says.",12 Apr 2025,England,https://www.bbc.com/news/articles/cg721jl29pno
How a burning river lit the US's green movement,"The Cuyahoga River was so polluted it regularly went up in flames. Images of one dramatic blaze in 1952 shaped the US's nascent environmental movement, long after the flames went out.",1 May 2025,Future,https://www.bbc.com/future/article/20250429-how-the-cuyahoga-river-fires-fuelled-the-us-green-movement
Tropical parakeets ruffle feathers at Belfast park,It's estimated that about 15 parakeets have found a new home in north Belfast.,17 Apr 2025,Northern Ireland,https://www.bbc.com/news/articles/c1megxvnx3yo
Dozens die after torrential rain hammers Congolese capital,Kinshasa is prone to soil erosion and the president warned the climate crisis is making flooding worse.,7 Apr 2025,Africa,https://www.bbc.com/news/articles/cr782rgn8x4o
Bites on gladiator bones prove combat with lion,Experts say the discovery provides the first physical evidence of gladiatorial combat with animals.,23 Apr 2025,North Yorkshire,https://www.bbc.com/news/articles/cp8v2063r19o
Morris dancer set for 11-hour world record attempt,Duncan Bhaskaran Brown will try to dance for more than 11 hours straight in Abingdon on Saturday.,11 Apr 2025,Oxfordshire,https://www.bbc.com/news/articles/cvg99yym52eo
Voters urged to register as deadline looms,Voters must be registered by 23:59 BST on Friday 11 April.,11 Apr 2025,Kent,https://www.bbc.com/articles/c78jj034762o
South America proposes 64-team 2030 World Cup,South American governing body Conmebol proposes expanding the 2030 World Cup to 64 teams.,11 Apr 2025,World Cup,https://www.bbc.com/sport/football/articles/c8jegenyx3vo
Just Stop Oil duo deny Tesla robot criminal damage,"Nigel Fleming, 63, and Catherine Nash, 74, are charged with causing £2,696.40 in criminal damage.",8 Apr 2025,England,https://www.bbc.com/news/articles/cvgn17204lxo
When Mourinho ghosted Eto'o to get best out of him,Jose Mourinho reveals his inspired psychological tactics which helped Inter Milan win the Champions League in new BBC Sport documentary.,15 Apr 2025,European Football,https://www.bbc.com/sport/football/articles/cwynnyrq091o
Low carbon farming 'essential' for climate goals,"The Climate Change Committee says the executive ""will need to broaden and accelerate action"".",19 Mar 2025,Northern Ireland,https://www.bbc.com/news/articles/c1en2dzw6eyo
Work begins to restore stream for fish and wildlife,Lustrum Beck is undergoing work which hopes to attract creatures including water voles and otters.,11 Apr 2025,Tees,https://www.bbc.com/news/articles/c5y66dkex0qo
Morris dancer completes 11-hour world record attempt,"Duncan Bhaskaran Brown estimates he danced 100,000 steps to 186 traditional folk tunes.",12 Apr 2025,Oxfordshire,https://www.bbc.com/news/articles/c1lmjvg7rnmo
Leader 'instrumental' in growth of wildlife group,Chief executive Leigh Morris is set to leave the Manx Wildlife Trust after five years in the post.,6 Apr 2025,Isle of Man,https://www.bbc.com/news/articles/cm2d2lrd018o
Europe's most exciting getaways for 2025 travel,"From romantic retreats in the Mediterranean to fresh-air-filled Alpine hikes, these are the most exciting areas of Europe to visit this year.",9 Apr 2025,Travel,https://www.bbc.com/travel/article/20250407-best-european-vacation-destinations
Geothermal energy plan for university buildings,The University of York scheme will also look at ways to reduce fossil fuel use across the city.,10 Apr 2025,North Yorkshire,https://www.bbc.com/news/articles/c05nnm1p6vqo
How much vital UK infrastructure does China own?,BBC Verify looks at what we know about the extent of Chinese investment in the UK economy.,15 Apr 2025,BBC Verify,https://www.bbc.com/news/articles/cn4w3y4pdkzo
Port revamp and seafront 'oasis' work moves nearer,Leigh Port would be improved at a cost of £14.8m under plans submitted by the council.,12 Apr 2025,Essex,https://www.bbc.com/news/articles/c9vegz2lpzvo
"Toad patrol helps 50,000 to breeding grounds","The group oversees the Charlcombe Lane road closure, with volunteers ensuring the safe passage of toads.",11 Apr 2025,England,https://www.bbc.com/news/articles/cjeww55l5zzo
A tale of two South East high streets,BBC South East speaks to shoppers and high street businesses in Leatherhead and Chatham.,14 Apr 2025,England,https://www.bbc.com/news/articles/c2kvvwnzgkno
Six moments that mattered as Leeds won promotion,"From a slow start to a silent January and changing goalkeepers with seven games left, BBC Sport looks at the key moments in Leeds' promotion campaign.",21 Apr 2025,Leeds,https://www.bbc.com/sport/football/articles/c793r3l718jo
Firefighters tackle third hillside wildfire,The fire near Inverkip broke out as emergency services said blazes in Galloway and the Highlands had been brought under control.,7 Apr 2025,Scotland,https://www.bbc.com/news/articles/c98gy8mlleno
Patrick Harvie warns of Green infighting and far right threat,"Patrick Harvie warns of ""dangerous forces"" of the far right in his final Scottish Greens conference speech as co-leader.",12 Apr 2025,Scotland Politics,https://www.bbc.com/news/articles/cjewl2n95qeo
Evacuations as wildfire spreads north through forest,"The fire service has deployed helicopters as part of efforts to extinguish the flames, while police have urged people to avoid the area.",6 Apr 2025,South Scotland,https://www.bbc.com/news/articles/c0jznpepyn6o
Weekly quiz: What was special about this baby?,How much attention did you pay to what has been going on in the world over the past seven days?,10 Apr 2025,No tag,https://www.bbc.com/news/articles/c2kvvwln504o
"'Flower show has been my entire life, now it's gone'",Shrewsbury Flower Show began in 1875 but organisers said they could no longer continue due to costs.,17 Apr 2025,Shropshire,https://www.bbc.com/news/articles/c98gd7l25l5o
Emergency water supply for at-risk canal costing £100k a week,"The charity operating the canal says it can't continue to shoulder the up to £100,000 a week costs.",4 Apr 2025,Wales,https://www.bbc.com/news/articles/c70z8rdw0lno
"Green leadership contest 'wide open', says Slater","The Green co-leader dismissed claims of a Holyrood ""clique"" ahead of her party's spring conference.",11 Apr 2025,Scotland Politics,https://www.bbc.com/news/articles/c3ev55ewd8eo
Welsh gin first in UK to get protected status,Dovey Native Botanical Gin is the first in the UK to be given the recognition.,8 Apr 2025,Wales,https://www.bbc.com/news/articles/c98g4y5807qo
Farmers 'will take whatever rain we get',"Many crops are ""stressed"" after the sunniest April on record, but apples are more resilient.",2 days ago,Northamptonshire,https://www.bbc.com/news/articles/cev49zkpv04o
You can't please everybody - Man Utd boss Skinner,"Manager Marc Skinner accepts he is ""not going to please everybody"" in the Manchester United fanbase.",11 Apr 2025,Women's Football,https://www.bbc.com/sport/football/articles/c77nnpr4x0xo
Greater Lincolnshire mayoral election: Sally Horscroft,Sally Horscroft is the Green Party candidate in the Greater Lincolnshire mayoral election on 1 May.,7 Apr 2025,Lincolnshire,https://www.bbc.com/news/articles/cly1jpl3m7yo
Aid agency donates 300k to Myanmar relief efforts,Jersey Overseas Aid has given emergency funds to help relief in Myanmar after the earthquake.,7 Apr 2025,Jersey,https://www.bbc.com/news/articles/c62jxre03k2o
Wrexham criticised for flying to away match,"Over two days, the plane travelled almost 1,200 miles to take the Wrexham team to Wycombe.",1 Apr 2025,Wales,https://www.bbc.com/news/articles/cwy7v1z45d8o
Wildlife surveys begin on onshore wind farm plans,Ecological surveys in Earystane and Scard are set to grow understanding of local wildlife behaviour.,7 Apr 2025,Isle of Man,https://www.bbc.com/news/articles/c4grmny4z9mo
Chance of asteroid hitting Moon increases slightly,Asteroid 2024 YR4 won’t hit Earth but now has a 3.8% chance of striking the Moon.,4 Apr 2025,Science & Environment,https://www.bbc.com/news/articles/cpdznz83x8vo
Woman who hired 'man with van' on Facebook fined £2k,Simone Jackson found someone on social media to remove her rubbish but it was later found dumped.,9 Apr 2025,Manchester,https://www.bbc.com/news/articles/c5y40eexjd3o
"Francis was a vocal critic of the powerful, his influence felt far beyond faith","The informal Pope aimed to shift influence from Rome into hands of the faithful, the BBC's Aleem Maqbool writes.",21 Apr 2025,BBC InDepth,https://www.bbc.com/news/articles/c15v0zdnnjqo
Tourist attraction shut nearly as often as open,"The Islandmagee tourist attraction has been closed by rockfalls, storm damage and planned works.",13 Apr 2025,Northern Ireland,https://www.bbc.com/news/articles/cp34y59ywgxo
The 'freakosystem' accidentally created on Hawaii,Ecosystems which have never been seen before are being accidentally created by humans. They offer a stark look into the nature of tomorrow.,4 Apr 2025,Future,https://www.bbc.com/future/article/20250403-the-new-hawaiian-freakosystem-emerging-on-oahu-accidentally-created-by-humans
North of Scotland electricity network to have £450m upgrade,Scottish and Southern Electricity Networks (SSEN) said the work would create at least 300 skilled jobs.,7 Apr 2025,Scotland,https://www.bbc.com/news/articles/c1me5mj12vdo
Deep coal mine plans officially dropped,Plans for the first deep coal mine in the UK in more than 30 years are officially abandoned.,4 Apr 2025,Cumbria,https://www.bbc.com/news/articles/cy0ynqqzezvo
Rewilding charity angry at delay to beaver project,NatureScot says they have delayed granting a licence due to concerns in the local community,2 Apr 2025,Highlands & Islands,https://www.bbc.com/news/articles/ceqrxr72xgvo
Rewilding work aims to restore vital fen wetland,A private company will restore a former daffodil farm at High Fen in Methwold to vital fen habitat.,11 Apr 2025,Norfolk,https://www.bbc.com/news/articles/cwynng9x2kno
Fire service must 'adapt and invest' - mayor,A new action plan for North Yorkshire Fire Service lays out its approach for the next four years.,8 Apr 2025,North Yorkshire,https://www.bbc.com/news/articles/cwy7ee76029o
Rise in sewage spills prompts investment concerns,"An MP says the figures are ""disgraceful"" while Anglian Water promises ""transformational action"".",10 Apr 2025,Norfolk,https://www.bbc.com/news/articles/cwynnz305z0o
Charity hopes ban will boost butterfly population,The Butterfly Conservation said it was one of the worst years for butterflies in Derbyshire.,4 Apr 2025,Derbyshire,https://www.bbc.com/news/articles/cwyq520pj8lo
Couples 'in limbo' as wedding venue suddenly shuts,"The venue in Kendal says ""every effort"" was made to try and sell the business as a going concern.",3 Apr 2025,Cumbria,https://www.bbc.com/news/articles/cd6jv406885o
Ski resort to keep making artificial snow until May,The ski centre's boss says it has been a challenging winter thanks to a lack of natural snowfall.,3 Apr 2025,Highlands & Islands,https://www.bbc.com/news/articles/cpq7d2rypn2o
In pictures: Scottish nature photo awards 2024,"Images taken in Shetland, Orkney, Highlands and Edinburgh were among the winners.",1 Apr 2025,Scotland,https://www.bbc.com/news/articles/cn0w33z0gwzo
UK Environment Agency orders review into tyre recycling after BBC probe,Environment Agency review waste tyre exports after BBC probe reveals millions sent to furnaces in India.,2 Apr 2025,Asia,https://www.bbc.com/news/articles/c4grlpyje41o
Up to 800 jobs set to be cut at two NHS trusts,"The spokesperson says the cuts will be ""difficult"" but ""necessary"" to meet patients' needs.",11 Apr 2025,Hampshire & Isle of Wight,https://www.bbc.com/news/articles/c20xx0kn3yyo
Where EV batteries go to die - and be reborn,"Batteries for electric vehicles are notoriously difficult to recycle, but growing demand for the rare metals they contain is leading to innovative new ways of retrieving them.",5 Apr 2025,Future,https://www.bbc.com/future/article/20250404-where-ev-batteries-go-to-die-and-be-reborn
Alcohol makes male fruit flies more attractive,Alcohol increases the release of chemical sex signals and makes males more attractive to females.,2 Apr 2025,No tag,https://www.bbc.com/news/articles/cy8e772enngo
Vigil for GP jailed over Just Stop Oil protest,The Bristol GP was jailed for a year in January for his role in a protest.,30 Mar 2025,Bristol,https://www.bbc.com/news/articles/cpq7j5z85z1o
UK's first water tracking centre could prevent pandemic,The data could be used to alert public health teams of new outbreaks.,9 Apr 2025,England,https://www.bbc.com/news/articles/ckgxne2gk5no
Australia's looming election brings housing crisis into focus,"Australia's housing crisis has hit its worst point in decades, becoming a key issue in the upcoming election.",14 Apr 2025,Australia,https://www.bbc.com/news/articles/cq5wlevy647o
Solar farm approved despite local opposition,"The application for panels on 136 acres of farmland, near Long Sutton, was narrowly voted through.",4 Apr 2025,Hampshire & Isle of Wight,https://www.bbc.com/news/articles/c62zl639vxzo
Next 10 days crucial for farmers 'praying' for rain,Nigel Friend raises concerns about the impact of the driest April on record for farming.,2 hrs ago,England,https://www.bbc.com/news/articles/crmknz78n29o
What matters to Kent voters in the local elections,"Residents in Maidstone are speaking out about what matters to them, from potholes to libraries.",9 Apr 2025,Kent,https://www.bbc.com/news/articles/c78jeq8qdl9o
More than half of UK's butterfly species in long-term decline,"The destruction of habitats by humans is largely to blame, a conservationist warns.",2 Apr 2025,Dorset,https://www.bbc.com/news/articles/c230kzz73zmo
